{
    "loss": 0.37710660696029663,
    "accuracy": 0.892405092716217
}