{
    "loss": 0.3735266923904419,
    "accuracy": 0.8101266026496887
}